name,chapter_section
beidawlf,01_01
beidawlf,01_02
beidawlf,01_03
beidawlf,01_04
beidawlf,02_01
beidawlf,02_02
beidawlf,02_03
beidawlf,02_04
beidawlf,03_01
beidawlf,03_02
beidawlf,04_01
beidawlf,04_02
beidawlf,05_01
beidawlf,05_02
beidawlf,05_03
beidawlf,05_04
beidawlf,06_01
beidawlf,06_02
beidawlf,07_01
beidawlf,07_02
beidawlf,07_03
beidawlf,07_04
beidawlf,07_05
beidawlf,07_06
beidawlf,08_01
beidawlf,08_02
beidawlf,08_03
beidawlf,08_04
beidawlf,08_05
beidawlf,08_06
beidawlf,09_01
beidawlf,09_02
beidawlf,09_03
beidawlf,09_04
beidawlf,10_01
beidawlf,10_02
beidawlf,10_03
beidawlf,11_01
beidawlf,11_02
beidawlf,12_01
beidawlf,13_01
beidawlf,14_01
beidawlf,14_02
beidawlf,15_01
beidawlf,15_02
beidawlf,16_01
beidawlf,16_02
beidawlf,16_03
beidawlf,16_04
beidawlf,16_05
beidawlf,16_06
beidawlf,16_07
beidawlf,16_08
guofangkedaqzc,01_01
guofangkedaqzc,01_02
guofangkedaqzc,02_01
guofangkedaqzc,02_02
guofangkedaqzc,02_03
guofangkedaqzc,02_04
guofangkedaqzc,02_05
guofangkedaqzc,02_06
guofangkedaqzc,03_01
guofangkedaqzc,03_02
guofangkedaqzc,03_03
guofangkedaqzc,03_04
guofangkedaqzc,03_05
guofangkedaqzc,03_06
guofangkedaqzc,05_01
guofangkedaqzc,05_02
guofangkedaqzc,05_03
guofangkedaqzc,06_01
guofangkedaqzc,06_02
guofangkedaqzc,06_03
guofangkedaqzc,06_04
guofangkedaqzc,07_01
guofangkedaqzc,08_01
zhedacy,01_01
zhedacy,01_02
zhedacy,01_03
zhedacy,01_04
zhedacy,01_05
zhedacy,02_01
zhedacy,02_02
zhedacy,02_03
zhedacy,02_04
zhedacy,02_05
zhedacy,03_01
zhedacy,03_02
zhedacy,03_03
zhedacy,03_04
zhedacy,03_05
zhedacy,03_06
zhedacy,04_01
zhedacy,04_02
zhedacy,04_03
zhedacy,04_04
zhedacy,05_01
zhedacy,05_02
zhedacy,05_03
zhedacy,05_04
zhedacy,05_05
zhedacy,05_06
zhedacy,05_07
zhedacy,06_01
zhedacy,06_02
zhedacy,06_03
zhedacy,06_04
zhedacy,06_05
zhedacy,06_06
